City_ID,City,Country,Lat,Lng,Max Temp,Humidity,Cloudiness,Wind Speed,Current Description,Date
0,Souillac,MU,-20.5167,57.5167,73.36,67,80,20.67,broken clouds,2021-07-30 05:07:50
1,Zhangjiakou,CN,40.81,114.8794,87.03,41,99,3.62,overcast clouds,2021-07-30 05:04:54
2,Ribeira Grande,PT,38.5167,-28.7,70.14,87,10,6.76,clear sky,2021-07-30 05:07:50
3,Tokonou,GN,9.65,-9.7833,64.81,92,85,3.78,overcast clouds,2021-07-30 05:07:51
4,Cabo San Lucas,MX,22.8909,-109.9124,85.6,78,2,4.0,clear sky,2021-07-30 05:07:03
5,Mareeba,AU,-17.0,145.4333,86.32,39,3,9.15,clear sky,2021-07-30 05:07:51
6,Vila Franca Do Campo,PT,37.7167,-25.4333,70.21,93,45,6.13,scattered clouds,2021-07-30 05:07:51
7,Namatanai,PG,-3.6667,152.4333,84.06,71,24,5.79,light rain,2021-07-30 05:07:51
8,Hithadhoo,MV,-0.6,73.0833,82.56,69,63,3.02,broken clouds,2021-07-30 05:07:52
9,Ponta Do Sol,PT,32.6667,-17.1,70.43,79,11,6.06,few clouds,2021-07-30 05:07:52
10,Puerto Ayora,EC,-0.7393,-90.3518,70.43,91,16,5.79,few clouds,2021-07-30 05:07:52
11,Broken Hill,AU,-31.95,141.4333,66.13,33,93,20.96,overcast clouds,2021-07-30 05:07:53
12,Homer,US,59.6425,-151.5483,55.29,72,90,8.05,overcast clouds,2021-07-30 05:07:53
13,Bethel,US,41.3712,-73.414,71.04,92,75,4.61,mist,2021-07-30 05:07:53
14,Severo-Kurilsk,RU,50.6789,156.125,63.03,84,79,7.05,broken clouds,2021-07-30 05:07:53
15,Yellowknife,CA,62.456,-114.3525,64.56,59,94,5.01,overcast clouds,2021-07-30 05:07:54
16,Petropavlovsk-Kamchatskiy,RU,53.0452,158.6483,72.19,83,75,2.24,broken clouds,2021-07-30 05:07:54
17,Bilibino,RU,68.0546,166.4372,42.82,50,63,11.14,broken clouds,2021-07-30 05:07:54
18,Saint George,US,37.1041,-113.5841,75.67,83,75,4.61,broken clouds,2021-07-30 05:07:55
19,Namibe,AO,-15.1961,12.1522,62.92,81,2,2.55,clear sky,2021-07-30 05:07:55
20,Baiquan,CN,47.5833,126.0833,80.53,68,100,9.98,overcast clouds,2021-07-30 05:07:55
21,Noumea,NC,-22.2763,166.4572,73.0,99,24,17.18,few clouds,2021-07-30 05:07:55
22,Kurilsk,RU,45.2333,147.8833,73.42,74,6,8.34,clear sky,2021-07-30 05:07:56
23,Rikitea,PF,-23.1203,-134.9692,71.51,75,1,6.4,clear sky,2021-07-30 05:07:56
24,Cubuk,TR,40.2386,33.0322,68.77,51,0,4.61,clear sky,2021-07-30 05:07:56
25,Chokurdakh,RU,70.6333,147.9167,55.49,37,88,3.44,overcast clouds,2021-07-30 05:07:56
26,Busselton,AU,-33.65,115.3333,52.09,68,97,22.91,overcast clouds,2021-07-30 05:05:26
27,Bluff,NZ,-46.6,168.3333,52.81,78,100,2.89,moderate rain,2021-07-30 05:07:57
28,Ladovskaya Balka,RU,45.6297,41.4023,75.81,37,0,4.38,clear sky,2021-07-30 05:07:57
29,Tambura,SS,5.6,27.4667,68.43,92,99,2.28,overcast clouds,2021-07-30 05:07:57
30,Olafsvik,IS,64.8945,-23.7142,52.68,87,99,4.12,overcast clouds,2021-07-30 05:07:58
31,Quebo,GW,11.3333,-14.9333,73.24,98,99,2.91,moderate rain,2021-07-30 05:07:58
32,Hilo,US,19.7297,-155.09,78.53,82,90,5.75,light rain,2021-07-30 05:07:58
33,Atuona,PF,-9.8,-139.0333,77.61,78,99,13.94,overcast clouds,2021-07-30 05:07:58
34,Albany,US,42.6001,-73.9662,67.37,95,89,6.24,overcast clouds,2021-07-30 05:07:51
35,Jalu,LY,29.0331,21.5482,79.7,45,0,7.23,clear sky,2021-07-30 05:07:59
36,Buraydah,SA,26.326,43.975,93.27,12,19,11.34,few clouds,2021-07-30 05:07:59
37,Bredasdorp,ZA,-34.5322,20.0403,48.96,84,44,5.68,scattered clouds,2021-07-30 05:07:59
38,Avarua,CK,-21.2078,-159.775,72.97,72,33,10.69,scattered clouds,2021-07-30 05:08:00
39,Kapaa,US,22.0752,-159.319,84.18,74,75,3.0,broken clouds,2021-07-30 05:08:00
40,Hobart,AU,-42.8794,147.3294,60.26,50,40,4.0,scattered clouds,2021-07-30 05:08:00
41,Westport,US,41.1415,-73.3579,73.36,94,40,3.0,scattered clouds,2021-07-30 05:05:25
42,Ushuaia,AR,-54.8,-68.3,38.86,70,75,13.8,drizzle,2021-07-30 05:08:01
43,Saldanha,ZA,-33.0117,17.9442,51.93,82,36,4.59,scattered clouds,2021-07-30 05:08:01
44,Port Lincoln,AU,-34.7333,135.8667,65.23,57,2,19.6,clear sky,2021-07-30 05:08:01
45,Salalah,OM,17.0151,54.0924,78.89,89,90,11.5,overcast clouds,2021-07-30 05:08:01
46,Nara,JP,34.6851,135.8049,96.96,41,19,6.53,few clouds,2021-07-30 05:08:02
47,Melilla,ES,35.2937,-2.9383,73.78,88,20,4.61,light rain,2021-07-30 05:08:02
48,Sembe,CG,1.6481,14.5806,72.14,84,89,2.17,overcast clouds,2021-07-30 05:08:02
49,Mataura,NZ,-46.1927,168.8643,52.48,87,100,3.49,light rain,2021-07-30 05:08:02
50,Carnarvon,AU,-24.8667,113.6333,71.67,58,68,18.41,broken clouds,2021-07-30 05:08:03
51,Aklavik,CA,68.2191,-135.0107,65.1,63,98,2.01,overcast clouds,2021-07-30 05:08:03
52,Barrow,US,71.2906,-156.7887,50.02,87,90,4.61,light rain,2021-07-30 05:08:03
53,Jamestown,US,42.097,-79.2353,69.39,94,40,4.88,scattered clouds,2021-07-30 05:07:10
54,Goure,NE,13.9835,10.2704,78.03,68,79,6.76,broken clouds,2021-07-30 05:08:04
55,Sao Jose Da Coroa Grande,BR,-8.8978,-35.1478,73.65,85,74,4.14,broken clouds,2021-07-30 05:08:04
56,College,US,64.8569,-147.8028,68.2,72,75,0.0,broken clouds,2021-07-30 05:08:04
57,Hermanus,ZA,-34.4187,19.2345,52.9,79,64,4.61,broken clouds,2021-07-30 05:06:54
58,Shimoda,JP,34.6667,138.95,87.91,71,56,4.18,broken clouds,2021-07-30 05:08:04
59,Amapa,BR,1.0,-52.0,69.94,99,74,0.83,broken clouds,2021-07-30 05:08:05
60,Yulara,AU,-25.2406,130.9889,80.44,24,0,18.41,clear sky,2021-07-30 05:08:05
61,Tuatapere,NZ,-46.1333,167.6833,52.83,87,100,3.96,overcast clouds,2021-07-30 05:08:05
62,Khatanga,RU,71.9667,102.5,89.92,30,4,16.13,clear sky,2021-07-30 05:08:06
63,Grindavik,IS,63.8424,-22.4338,56.55,94,0,1.14,clear sky,2021-07-30 05:08:06
64,Ulaanbaatar,MN,47.9077,106.8832,64.53,63,75,15.66,broken clouds,2021-07-30 05:06:20
65,Mandurah,AU,-32.55,115.7,60.22,64,100,30.65,overcast clouds,2021-07-30 05:08:06
66,Half Moon Bay,US,37.4636,-122.4286,76.75,84,1,0.0,clear sky,2021-07-30 05:08:06
67,Alofi,NU,-19.0595,-169.9187,75.6,76,84,15.3,light rain,2021-07-30 05:05:10
68,Reserva,BR,-24.6503,-50.8506,29.98,76,19,3.18,few clouds,2021-07-30 05:08:07
69,Cherskiy,RU,68.75,161.3,38.57,63,99,19.91,overcast clouds,2021-07-30 05:08:07
70,Acarau,BR,-2.8856,-40.12,76.6,89,48,7.34,scattered clouds,2021-07-30 05:08:07
71,Dargaville,NZ,-35.9333,173.8833,58.95,79,82,10.96,broken clouds,2021-07-30 05:08:08
72,Hamilton,US,39.1834,-84.5333,78.94,90,24,4.34,few clouds,2021-07-30 05:07:16
73,Norman Wells,CA,65.282,-126.8329,60.37,84,90,3.89,overcast clouds,2021-07-30 05:08:08
74,Victoria,HK,22.2855,114.1577,88.97,79,100,4.0,overcast clouds,2021-07-30 05:07:14
75,Azul,AR,-36.777,-59.8585,38.59,62,0,7.67,clear sky,2021-07-30 05:08:09
76,Cape Town,ZA,-33.9258,18.4232,53.11,94,45,4.12,scattered clouds,2021-07-30 05:07:17
77,Castro,BR,-24.7911,-50.0119,31.59,69,2,3.13,clear sky,2021-07-30 05:08:09
78,Flinders,AU,-34.5833,150.8552,66.2,51,0,3.0,clear sky,2021-07-30 05:08:09
79,Mar Del Plata,AR,-38.0023,-57.5575,46.99,68,0,1.99,clear sky,2021-07-30 05:08:10
80,Kakori,IN,26.8833,80.8,84.15,89,90,9.22,mist,2021-07-30 05:08:10
81,Benidorm,ES,38.5382,-0.131,75.49,71,0,3.31,clear sky,2021-07-30 05:08:10
82,Puerto Madryn,AR,-42.7692,-65.0385,53.62,41,9,16.51,clear sky,2021-07-30 05:08:10
83,Faanui,PF,-16.4833,-151.75,78.21,76,57,13.49,light rain,2021-07-30 05:08:11
84,Husavik,IS,66.0449,-17.3389,50.94,91,91,1.79,overcast clouds,2021-07-30 05:08:11
85,Butaritari,KI,3.0707,172.7902,83.55,72,10,10.18,light rain,2021-07-30 05:08:11
86,Gigmoto,PH,13.7796,124.39,89.71,63,100,14.0,overcast clouds,2021-07-30 05:08:11
87,Rocha,UY,-34.4833,-54.3333,38.59,83,6,4.72,clear sky,2021-07-30 05:08:12
88,Shwebo,MM,22.5667,95.7,89.08,58,86,13.58,overcast clouds,2021-07-30 05:08:06
89,Coihaique,CL,-45.5752,-72.0662,37.35,93,90,4.61,moderate rain,2021-07-30 05:08:12
90,San Rafael,AR,-34.6177,-68.3301,46.11,36,0,10.07,clear sky,2021-07-30 05:08:12
91,Ron Phibun,TH,8.1791,99.8542,80.69,75,100,8.5,light rain,2021-07-30 05:08:13
92,Zhigansk,RU,66.7697,123.3711,71.96,33,2,2.91,clear sky,2021-07-30 05:08:13
93,East London,ZA,-33.0153,27.9116,56.1,66,3,5.14,clear sky,2021-07-30 05:08:13
94,Vredendal,ZA,-31.6683,18.5012,51.1,81,2,4.9,clear sky,2021-07-30 05:08:14
95,Kirakira,SB,-10.4544,161.9205,82.11,80,25,7.85,scattered clouds,2021-07-30 05:08:14
96,Hami,CN,42.8,93.45,102.0,12,1,3.0,clear sky,2021-07-30 05:08:14
97,Ouegoa,NC,-20.35,164.4333,75.6,62,2,14.14,clear sky,2021-07-30 05:08:15
98,Isangel,VU,-19.55,169.2667,74.32,78,48,7.4,scattered clouds,2021-07-30 05:08:15
99,Tasiilaq,GL,65.6145,-37.6368,42.96,76,27,5.26,scattered clouds,2021-07-30 05:08:15
100,Comodoro Rivadavia,AR,-45.8667,-67.5,51.66,35,0,5.75,clear sky,2021-07-30 05:08:15
101,Katangli,RU,51.7102,143.2326,66.49,93,100,4.21,moderate rain,2021-07-30 05:08:16
102,Sept-Iles,CA,50.2001,-66.3821,59.05,93,100,1.59,overcast clouds,2021-07-30 05:05:18
103,Punta Arenas,CL,-53.15,-70.9167,35.71,87,75,18.41,broken clouds,2021-07-30 05:08:16
104,Provideniya,RU,64.3833,-173.3,51.91,76,75,8.95,broken clouds,2021-07-30 05:08:16
105,Abyek,IR,36.0667,50.55,71.26,57,4,5.3,clear sky,2021-07-30 05:08:17
106,Itoman,JP,26.1247,127.6694,88.18,79,20,10.36,few clouds,2021-07-30 05:08:17
107,Arraial Do Cabo,BR,-22.9661,-42.0278,63.09,56,98,20.31,overcast clouds,2021-07-30 05:08:17
108,Chitral,PK,35.8462,71.7858,86.14,26,0,0.51,clear sky,2021-07-30 05:08:17
109,Katsuura,JP,35.1333,140.3,87.12,73,52,6.98,broken clouds,2021-07-30 05:08:18
110,Soyo,AO,-6.1349,12.3689,71.94,84,30,8.21,scattered clouds,2021-07-30 05:08:18
111,Mbandaka,CD,0.0487,18.2603,69.71,50,60,1.23,broken clouds,2021-07-30 05:08:18
112,Nome,US,64.5011,-165.4064,49.15,93,90,6.91,overcast clouds,2021-07-30 05:08:19
113,Kaitangata,NZ,-46.2817,169.8464,49.24,88,95,8.21,overcast clouds,2021-07-30 05:08:19
114,Labuhan,ID,-6.8844,112.2051,89.02,52,22,4.47,few clouds,2021-07-30 05:08:19
115,Kawalu,ID,-7.3817,108.2082,85.24,58,63,5.39,broken clouds,2021-07-30 05:08:19
116,Pangnirtung,CA,66.1451,-65.7125,49.66,78,17,3.47,few clouds,2021-07-30 05:08:20
117,Georgetown,MY,5.4112,100.3354,86.9,72,20,1.01,moderate rain,2021-07-30 05:08:20
118,Airai,TL,-8.9266,125.4092,77.65,34,4,3.83,clear sky,2021-07-30 05:08:20
119,Dikson,RU,73.5069,80.5464,39.87,98,100,17.38,moderate rain,2021-07-30 05:08:21
120,Port Elizabeth,ZA,-33.918,25.5701,52.5,76,24,4.61,few clouds,2021-07-30 05:03:31
121,New Norfolk,AU,-42.7826,147.0587,59.92,53,97,4.0,overcast clouds,2021-07-30 05:08:21
122,Ontario,US,34.0633,-117.6509,91.45,48,40,3.0,scattered clouds,2021-07-30 05:07:31
123,Port Alfred,ZA,-33.5906,26.891,54.99,78,14,6.08,few clouds,2021-07-30 05:08:21
124,Oskemen,KZ,49.9565,82.6119,69.76,60,75,4.47,broken clouds,2021-07-30 05:08:22
125,Vaini,TO,-21.2,-175.2,75.36,88,75,4.61,light rain,2021-07-30 05:08:22
126,Constitucion,CL,-35.3333,-72.4167,50.59,75,0,4.09,clear sky,2021-07-30 05:08:22
127,Bayan,CN,46.0833,127.4,74.73,87,100,6.17,overcast clouds,2021-07-30 05:08:22
128,Oudtshoorn,ZA,-33.5907,22.2014,48.56,76,46,2.15,scattered clouds,2021-07-30 05:08:23
129,Vestmannaeyjar,IS,63.4427,-20.2734,52.61,93,41,11.48,scattered clouds,2021-07-30 05:08:23
130,Guarabira,BR,-6.8547,-35.49,71.19,97,100,4.74,overcast clouds,2021-07-30 05:08:23
131,Guayape,HN,14.7167,-86.8333,68.36,92,93,2.91,overcast clouds,2021-07-30 05:08:24
132,Thompson,CA,55.7435,-97.8558,59.05,88,99,4.27,overcast clouds,2021-07-30 05:08:24
133,Codrington,AU,-38.2667,141.9667,55.8,64,46,23.15,scattered clouds,2021-07-30 05:08:24
134,Jerez,GT,14.1,-89.75,66.2,96,100,3.33,overcast clouds,2021-07-30 05:08:24
135,Ylojarvi,FI,61.5563,23.5961,64.62,85,0,9.22,clear sky,2021-07-30 05:08:25
136,Michigan City,US,41.7075,-86.895,72.0,91,40,3.44,scattered clouds,2021-07-30 05:08:25
137,Thinadhoo,MV,0.5333,72.9333,81.82,71,100,3.49,overcast clouds,2021-07-30 05:08:25
138,Egvekinot,RU,66.3167,-179.1667,34.79,95,100,2.44,light rain,2021-07-30 05:08:25
139,Lebu,CL,-37.6167,-73.65,48.13,85,2,7.11,clear sky,2021-07-30 05:08:26
140,Klaksvik,FO,62.2266,-6.589,49.12,89,100,16.8,overcast clouds,2021-07-30 05:08:26
141,Bambous Virieux,MU,-20.3428,57.7575,73.22,65,96,21.18,overcast clouds,2021-07-30 05:08:26
142,Nanakuli,US,21.3906,-158.1547,82.35,65,1,8.05,clear sky,2021-07-30 05:08:27
143,Vila Velha,BR,-20.3297,-40.2925,62.55,63,75,12.66,broken clouds,2021-07-30 05:08:27
144,Chivay,PE,-15.6383,-71.6011,41.02,65,5,1.86,clear sky,2021-07-30 05:08:27
145,Sao Filipe,CV,14.8961,-24.4956,74.26,80,39,3.58,scattered clouds,2021-07-30 05:08:27
146,Leningradskiy,RU,69.3833,178.4167,32.63,98,100,19.91,light snow,2021-07-30 05:08:28
147,Jiaojiang,CN,28.6803,121.4428,86.38,84,86,8.3,light rain,2021-07-30 05:08:28
148,Lethem,GY,3.3803,-59.7968,72.28,93,98,3.56,overcast clouds,2021-07-30 05:08:28
149,Nioro,GM,13.35,-15.75,75.34,91,100,3.83,overcast clouds,2021-07-30 05:08:28
150,Cooma,AU,-36.2333,149.1333,53.37,17,0,18.41,clear sky,2021-07-30 05:08:29
151,Kabelvag,NO,68.2114,14.4817,53.6,82,20,20.71,few clouds,2021-07-30 05:08:29
152,Pasinler,TR,39.9803,41.6764,65.39,65,13,3.83,few clouds,2021-07-30 05:08:29
153,Harper,LR,4.375,-7.7169,74.88,87,89,4.61,overcast clouds,2021-07-30 05:08:30
154,Tessalit,ML,20.1986,1.0114,85.8,37,44,7.74,scattered clouds,2021-07-30 05:08:30
155,Tulare,US,36.2666,-118.8009,81.95,35,61,1.99,broken clouds,2021-07-30 05:03:32
156,Wattegama,LK,6.7989,81.4808,88.72,38,63,1.66,broken clouds,2021-07-30 05:08:30
157,Belaya Gora,RU,68.5333,146.4167,60.01,35,46,4.5,scattered clouds,2021-07-30 05:08:31
158,Najran,SA,17.4924,44.1277,87.48,36,40,5.86,scattered clouds,2021-07-30 05:08:31
159,Quatre Cocos,MU,-20.2078,57.7625,73.09,65,92,20.92,overcast clouds,2021-07-30 05:08:31
160,Iracoubo,GF,5.4802,-53.2011,76.48,87,4,4.12,clear sky,2021-07-30 05:08:31
161,Umm Lajj,SA,25.0213,37.2685,87.17,47,67,4.79,broken clouds,2021-07-30 05:08:32
162,Longyearbyen,SJ,78.2186,15.6401,42.64,81,75,4.61,broken clouds,2021-07-30 05:08:32
163,Lagoa,PT,39.05,-27.9833,69.44,90,0,6.98,clear sky,2021-07-30 05:08:32
164,Seoul,KR,37.5683,126.9778,94.39,36,72,8.97,broken clouds,2021-07-30 05:04:07
165,Dustlik,UZ,40.5247,68.0358,89.2,19,19,10.4,few clouds,2021-07-30 05:08:33
166,Kruisfontein,ZA,-34.0033,24.7314,48.83,78,30,4.92,scattered clouds,2021-07-30 05:08:33
167,Tomsani,RO,44.95,26.2833,75.72,62,3,5.08,clear sky,2021-07-30 05:08:33
168,Korablino,RU,53.9164,40.0133,75.42,64,24,4.81,few clouds,2021-07-30 05:08:33
169,Avera,US,33.194,-82.5271,83.53,63,4,6.87,clear sky,2021-07-30 05:08:34
170,Armilla,ES,37.141,-3.6185,70.34,68,0,0.0,clear sky,2021-07-30 05:08:34
171,Maloy,NO,61.9353,5.1136,63.07,85,70,17.02,broken clouds,2021-07-30 05:08:34
172,Upernavik,GL,72.7868,-56.1549,43.48,90,98,5.77,overcast clouds,2021-07-30 05:08:34
173,Tarko-Sale,RU,64.9225,77.785,58.84,50,5,13.94,clear sky,2021-07-30 05:08:35
174,Nikolskoye,RU,59.7035,30.7861,68.02,67,57,9.04,broken clouds,2021-07-30 05:08:35
175,Hay River,CA,60.8156,-115.7999,60.69,66,93,5.03,overcast clouds,2021-07-30 05:08:35
176,Lavrentiya,RU,65.5833,-171.0,46.24,88,85,7.99,overcast clouds,2021-07-30 05:08:35
177,Palmer,US,42.1584,-72.3287,71.15,86,90,1.01,overcast clouds,2021-07-30 05:08:36
178,Kahului,US,20.8947,-156.47,77.97,84,40,19.57,scattered clouds,2021-07-30 05:05:32
179,Nanortalik,GL,60.1432,-45.2371,46.63,77,100,19.24,overcast clouds,2021-07-30 05:08:36
180,Te Anau,NZ,-45.4167,167.7167,49.93,87,100,0.74,overcast clouds,2021-07-30 05:08:36
181,Bose,IT,45.4612,8.0137,70.48,88,76,5.1,broken clouds,2021-07-30 05:08:37
182,Karratha,AU,-20.7377,116.8463,78.17,49,1,18.79,clear sky,2021-07-30 05:08:37
183,Atar,MR,20.5169,-13.0499,80.04,51,36,8.77,scattered clouds,2021-07-30 05:08:37
184,Karpathos,GR,35.507,27.2132,76.96,88,0,18.41,clear sky,2021-07-30 05:08:38
185,Yumen,CN,40.2833,97.2,94.66,11,0,22.01,clear sky,2021-07-30 05:08:38
186,Santo Amaro Da Imperatriz,BR,-27.6881,-48.7786,47.01,76,0,3.42,clear sky,2021-07-30 05:08:38
187,Guerrero Negro,MX,27.9769,-114.0611,70.65,82,46,15.23,scattered clouds,2021-07-30 05:07:01
188,Manubul,PH,5.4732,120.7986,84.88,74,57,10.36,broken clouds,2021-07-30 05:08:39
189,Springdale,US,36.1867,-94.1288,80.01,89,1,3.44,clear sky,2021-07-30 05:07:46
190,Santa Rosalia,MX,27.3167,-112.2833,88.61,51,70,3.78,broken clouds,2021-07-30 05:08:39
191,Kungurtug,RU,50.5994,97.5228,68.13,30,28,2.15,scattered clouds,2021-07-30 05:08:39
192,Hualmay,PE,-11.0964,-77.6139,62.96,86,59,7.83,broken clouds,2021-07-30 05:08:40
193,Abnub,EG,27.2696,31.1511,85.12,30,45,6.2,scattered clouds,2021-07-30 05:08:40
194,Konevo,RU,62.1215,39.3192,60.93,96,94,4.79,overcast clouds,2021-07-30 05:08:40
195,Araouane,ML,18.9048,-3.5265,88.79,42,55,8.41,broken clouds,2021-07-30 05:08:41
196,Coquimbo,CL,-29.9533,-71.3436,47.93,93,90,5.75,overcast clouds,2021-07-30 05:07:45
197,Qaanaaq,GL,77.484,-69.3632,39.69,87,64,7.45,broken clouds,2021-07-30 05:08:41
198,Torbay,CA,47.6666,-52.7314,57.58,89,15,5.99,few clouds,2021-07-30 05:05:34
199,Port Hardy,CA,50.6996,-127.4199,60.84,95,15,9.22,few clouds,2021-07-30 05:08:41
200,Tiznit,MA,29.5833,-9.5,82.42,37,46,7.61,scattered clouds,2021-07-30 05:08:41
201,Novo Aripuana,BR,-5.1206,-60.3797,69.58,62,0,3.31,clear sky,2021-07-30 05:08:42
202,Skeldon,GY,5.8833,-57.1333,73.87,91,100,1.12,overcast clouds,2021-07-30 05:08:42
203,Camopi,GF,3.1655,-52.3158,70.11,99,17,0.63,few clouds,2021-07-30 05:08:42
204,Fukuma,JP,33.7667,130.4667,98.1,56,40,8.3,scattered clouds,2021-07-30 05:08:43
205,Portoferraio,IT,42.8115,10.3146,77.58,83,0,9.4,clear sky,2021-07-30 05:08:43
206,Jos,NG,9.9167,8.9,63.27,98,100,2.04,heavy intensity rain,2021-07-30 05:08:43
207,Caravelas,BR,-17.7125,-39.2481,67.28,85,100,14.52,overcast clouds,2021-07-30 05:08:43
208,Samarai,PG,-10.6167,150.6667,80.28,85,54,15.82,broken clouds,2021-07-30 05:08:44
209,Shenjiamen,CN,29.9576,122.298,83.08,79,85,5.88,overcast clouds,2021-07-30 05:08:44
210,Saint Andrews,US,34.0454,-81.1293,82.13,80,40,1.01,scattered clouds,2021-07-30 05:08:44
211,Tuktoyaktuk,CA,69.4541,-133.0374,48.96,95,96,3.29,overcast clouds,2021-07-30 05:08:44
212,Chuy,UY,-33.6971,-53.4616,39.56,87,6,5.48,clear sky,2021-07-30 05:08:45
213,Palu,ID,-0.8917,119.8707,86.18,78,93,3.24,moderate rain,2021-07-30 05:08:45
214,Clyde River,CA,70.4692,-68.5914,34.03,100,75,11.5,mist,2021-07-30 05:08:45
215,Sitka,US,57.0531,-135.33,67.89,56,40,3.44,scattered clouds,2021-07-30 05:08:46
216,Dunaszekcso,HU,46.0866,18.7587,69.6,47,0,2.53,clear sky,2021-07-30 05:08:46
217,Alyangula,AU,-13.8483,136.4192,81.7,61,0,4.36,clear sky,2021-07-30 05:08:46
218,Almaznyy,RU,48.0448,40.045,73.54,57,80,10.98,light rain,2021-07-30 05:08:46
219,Uchaly,RU,54.2996,59.4521,53.17,82,100,11.52,overcast clouds,2021-07-30 05:08:47
220,Paamiut,GL,61.994,-49.6678,43.29,87,100,5.79,overcast clouds,2021-07-30 05:08:47
221,Necochea,AR,-38.5473,-58.7368,40.03,63,0,11.86,clear sky,2021-07-30 05:08:47
222,Barabai,ID,-2.5833,115.3833,91.58,52,93,3.87,moderate rain,2021-07-30 05:08:48
223,Bubaque,GW,11.2833,-15.8333,78.19,86,100,13.09,moderate rain,2021-07-30 05:08:48
224,Lompoc,US,34.6391,-120.4579,64.08,88,90,4.61,mist,2021-07-30 05:08:48
225,Hasaki,JP,35.7333,140.8333,86.4,73,16,7.02,few clouds,2021-07-30 05:08:48
226,Jinchang,CN,38.4953,102.1739,94.15,10,0,10.56,clear sky,2021-07-30 05:08:49
227,Mananara,MG,-16.1667,49.7667,70.63,92,89,11.86,moderate rain,2021-07-30 05:08:49
228,Valley City,US,46.9233,-98.0032,68.52,56,1,0.0,clear sky,2021-07-30 05:08:49
229,Xuanhua,CN,40.6103,115.0447,85.75,48,100,3.18,overcast clouds,2021-07-30 05:08:50
230,Caucaia,BR,-3.7361,-38.6531,82.08,77,75,9.22,broken clouds,2021-07-30 05:08:50
231,Lahad Datu,MY,5.0268,118.327,87.6,63,78,5.53,broken clouds,2021-07-30 05:08:50
232,San Cristobal,VE,7.7669,-72.225,64.08,96,67,4.63,broken clouds,2021-07-30 05:08:50
233,Evensk,RU,61.95,159.2333,53.74,50,96,17.4,overcast clouds,2021-07-30 05:08:51
234,Yantal,RU,56.8471,105.2542,83.23,33,12,5.17,few clouds,2021-07-30 05:08:51
235,Thongwa,MM,16.7619,96.5278,86.16,64,65,11.36,broken clouds,2021-07-30 05:08:51
236,Vangaindrano,MG,-23.35,47.6,67.89,81,68,2.98,broken clouds,2021-07-30 05:08:52
237,Aksay,RU,47.26,39.87,81.05,45,85,5.99,overcast clouds,2021-07-30 05:08:52
238,Huarmey,PE,-10.0681,-78.1522,64.44,85,45,6.33,scattered clouds,2021-07-30 05:08:52
239,Teguise,ES,29.0605,-13.564,66.42,83,0,16.11,clear sky,2021-07-30 05:08:52
240,Genhe,CN,50.7833,121.5167,77.16,50,40,5.57,scattered clouds,2021-07-30 05:08:53
241,Esperance,AU,-33.8667,121.9,56.25,66,98,24.9,overcast clouds,2021-07-30 05:08:53
242,Doha,QA,25.2867,51.5333,100.38,39,0,8.05,clear sky,2021-07-30 05:08:53
243,Nokaneng,BW,-19.6667,22.2667,48.81,51,74,6.51,broken clouds,2021-07-30 05:08:53
244,Aasiaat,GL,68.7098,-52.8699,36.55,95,64,3.96,broken clouds,2021-07-30 05:08:54
245,Gelemso,ET,8.8167,40.5167,62.44,73,100,10.47,overcast clouds,2021-07-30 05:08:54
246,Jacareacanga,BR,-6.2222,-57.7528,67.75,57,3,2.57,clear sky,2021-07-30 05:08:54
247,Hambantota,LK,6.1241,81.1185,89.94,62,0,13.8,clear sky,2021-07-30 05:08:55
248,Saint-Philippe,RE,-21.3585,55.7679,70.21,81,91,15.28,light rain,2021-07-30 05:08:55
249,Koumac,NC,-20.5667,164.2833,74.03,67,4,11.56,clear sky,2021-07-30 05:08:55
250,Plettenberg Bay,ZA,-34.0527,23.3716,54.05,66,44,4.07,scattered clouds,2021-07-30 05:08:55
251,Talnakh,RU,69.4865,88.3972,57.76,92,100,2.35,light rain,2021-07-30 05:08:56
252,Mao,ES,39.8885,4.2658,73.96,94,20,3.44,few clouds,2021-07-30 05:08:56
253,Ushtobe,KZ,45.2514,77.9838,72.18,40,100,6.35,overcast clouds,2021-07-30 05:08:56
254,Hofn,IS,64.2539,-15.2082,50.85,94,94,5.32,overcast clouds,2021-07-30 05:08:57
255,Dearborn Heights,US,42.337,-83.2733,72.36,86,40,4.61,scattered clouds,2021-07-30 05:04:52
256,Lincoln,US,40.8,-96.667,82.31,74,90,5.75,overcast clouds,2021-07-30 05:08:57
257,Marzuq,YE,14.4,46.4667,75.96,71,99,11.79,overcast clouds,2021-07-30 05:08:57
258,Bajil,YE,15.0584,43.2851,90.25,54,41,6.62,scattered clouds,2021-07-30 05:08:58
259,Khryashchevka,RU,53.8119,49.0916,71.58,75,43,11.03,scattered clouds,2021-07-30 05:08:58
260,Krasnoselkup,RU,65.7,82.4667,62.82,49,11,12.5,few clouds,2021-07-30 05:08:58
261,Mahebourg,MU,-20.4081,57.7,73.26,65,93,21.45,overcast clouds,2021-07-30 05:08:58
262,Fortuna,US,40.5982,-124.1573,55.09,94,90,0.0,overcast clouds,2021-07-30 05:08:59
263,Magdagachi,RU,53.45,125.8,67.6,58,87,5.77,overcast clouds,2021-07-30 05:08:59
264,Pingtung,TW,22.6714,120.4881,87.96,94,75,6.91,shower rain,2021-07-30 05:08:59
265,Velyka Bahachka,UA,49.7912,33.7226,71.28,82,13,10.38,few clouds,2021-07-30 05:08:59
266,Leirvik,NO,59.7798,5.5005,61.86,94,90,3.44,mist,2021-07-30 05:09:00
267,Nyborg,DK,55.3127,10.7896,62.92,84,91,23.11,overcast clouds,2021-07-30 05:09:00
268,Veshenskaya,RU,49.6303,41.7334,78.8,60,88,9.78,light rain,2021-07-30 05:09:00
269,Lebanon,US,36.2081,-86.2911,82.62,88,20,4.61,few clouds,2021-07-30 05:08:57
270,Porbandar,IN,21.6422,69.6093,83.55,80,100,22.66,overcast clouds,2021-07-30 05:09:01
271,Culebra,PR,18.303,-65.301,82.2,79,100,18.25,overcast clouds,2021-07-30 05:09:01
272,Agua Verde,MX,22.9,-106.05,87.13,78,13,6.89,few clouds,2021-07-30 05:09:01
273,Tornio,FI,65.8481,24.1466,59.02,85,39,11.05,scattered clouds,2021-07-30 05:09:01
274,Vuktyl,RU,63.8567,57.3094,56.16,58,18,3.33,few clouds,2021-07-30 05:09:02
275,Presidente Olegario,BR,-18.4178,-46.4181,41.2,26,2,4.23,clear sky,2021-07-30 05:09:02
276,Bucerias,MX,20.75,-105.3333,78.4,80,6,2.17,clear sky,2021-07-30 05:09:02
277,Nishihara,JP,26.1842,127.7558,87.46,82,75,8.05,broken clouds,2021-07-30 05:09:03
278,Srednekolymsk,RU,67.45,153.6833,52.52,43,90,7.58,overcast clouds,2021-07-30 05:09:03
279,Wanning,CN,18.8003,110.3967,91.62,63,97,14.05,overcast clouds,2021-07-30 05:09:03
280,Pokhara,NP,28.2333,83.9833,79.2,86,94,3.33,overcast clouds,2021-07-30 05:09:04
281,Marrakesh,MA,31.6315,-8.0083,77.07,61,40,4.61,scattered clouds,2021-07-30 05:04:04
282,Pitimbu,BR,-7.4706,-34.8086,72.19,84,100,6.91,overcast clouds,2021-07-30 05:09:04
283,Kedougou,SN,12.5579,-12.1743,73.17,97,99,2.93,overcast clouds,2021-07-30 05:09:04
284,Kodiak,US,57.79,-152.4072,56.71,67,90,8.05,overcast clouds,2021-07-30 05:09:04
285,Cidreira,BR,-30.1811,-50.2056,42.57,79,8,9.01,clear sky,2021-07-30 05:09:05
286,San Carlos De Bariloche,AR,-41.1456,-71.3082,31.75,74,0,2.3,clear sky,2021-07-30 05:07:40
287,Ust-Kuyga,RU,70.0167,135.6,70.79,27,95,3.44,overcast clouds,2021-07-30 05:09:05
288,Price,US,39.5994,-110.8107,71.4,94,90,12.66,overcast clouds,2021-07-30 05:09:05
289,Sola,VU,-13.8833,167.55,78.69,78,93,1.3,overcast clouds,2021-07-30 05:09:06
290,Lazaro Cardenas,MX,17.9583,-102.2,80.17,82,30,3.62,scattered clouds,2021-07-30 05:09:06
291,Rajpur,IN,22.3,74.35,82.36,73,98,21.61,overcast clouds,2021-07-30 05:09:06
292,Launceston,AU,-41.45,147.1667,55.04,69,90,5.99,overcast clouds,2021-07-30 05:09:06
293,Ilulissat,GL,69.2167,-51.1,42.82,81,57,5.75,broken clouds,2021-07-30 05:08:32
294,Ust-Ilimsk,RU,58.0006,102.6619,83.48,41,27,2.42,scattered clouds,2021-07-30 05:09:07
295,Dingle,PH,10.9995,122.6711,89.96,60,64,15.05,broken clouds,2021-07-30 05:09:07
296,Alamosa,US,37.4695,-105.87,69.31,55,75,9.22,broken clouds,2021-07-30 05:09:07
297,Shingu,JP,33.7333,135.9833,88.92,61,4,4.68,clear sky,2021-07-30 05:09:08
298,Cap-Aux-Meules,CA,47.3821,-61.8597,63.97,73,91,21.12,overcast clouds,2021-07-30 05:09:08
299,Monticello,US,45.3055,-93.7941,70.95,78,40,0.0,haze,2021-07-30 05:04:09
300,Maniitsoq,GL,65.4167,-52.9,46.42,78,4,9.01,clear sky,2021-07-30 05:09:08
301,Wau,SS,7.7029,27.9953,70.18,97,100,4.29,overcast clouds,2021-07-30 05:09:09
302,Itarema,BR,-2.9248,-39.9167,76.53,90,57,7.7,broken clouds,2021-07-30 05:09:09
303,State College,US,40.7934,-77.86,74.59,95,1,5.75,clear sky,2021-07-30 05:07:47
304,Chupa,RU,66.27,33.0549,52.57,65,100,8.81,overcast clouds,2021-07-30 05:09:09
305,Geraldton,AU,-28.7667,114.6,64.81,63,90,25.32,overcast clouds,2021-07-30 05:09:10
306,Iqaluit,CA,63.7506,-68.5145,43.7,87,93,4.0,overcast clouds,2021-07-30 05:09:10
307,Muros,ES,42.7762,-9.0603,64.99,93,77,0.89,broken clouds,2021-07-30 05:09:10
308,Bengkulu,ID,-3.8004,102.2655,85.77,65,22,11.68,few clouds,2021-07-30 05:09:11
309,Port-Gentil,GA,-0.7193,8.7815,76.42,76,86,11.65,overcast clouds,2021-07-30 05:09:11
310,Waingapu,ID,-9.6567,120.2641,86.52,54,13,15.97,few clouds,2021-07-30 05:09:11
311,Carutapera,BR,-1.195,-46.02,75.43,93,14,5.75,few clouds,2021-07-30 05:09:11
312,Puksoozero,RU,62.5903,40.6066,56.59,99,100,3.33,light rain,2021-07-30 05:09:12
313,Moose Factory,CA,51.2585,-80.6094,44.08,73,8,7.07,clear sky,2021-07-30 05:09:12
314,Freeport,US,40.6576,-73.5832,73.58,95,1,7.0,clear sky,2021-07-30 05:06:30
315,Wilmington,US,34.2257,-77.9447,81.91,86,1,6.91,clear sky,2021-07-30 05:04:46
316,Luderitz,NA,-26.6481,15.1594,63.37,38,0,11.56,clear sky,2021-07-30 05:09:12
317,Mahajanga,MG,-15.7167,46.3167,75.22,64,40,14.97,scattered clouds,2021-07-30 05:09:13
318,Pyaozerskiy,RU,65.8333,31.1667,50.47,77,98,10.27,overcast clouds,2021-07-30 05:09:13
319,Santa Cecilia,BR,-26.9608,-50.4269,26.53,93,0,1.72,clear sky,2021-07-30 05:09:13
320,Casas Grandes,MX,30.3667,-107.95,73.56,50,75,4.61,broken clouds,2021-07-30 05:09:14
321,Kamenka,RU,51.3223,42.7678,74.8,68,56,9.08,broken clouds,2021-07-30 05:09:14
322,Cabra,ES,37.4725,-4.4421,71.65,74,0,1.9,clear sky,2021-07-30 05:09:14
323,Topchikha,RU,52.8192,83.1185,72.18,47,96,8.72,overcast clouds,2021-07-30 05:09:14
324,Shelburne,CA,44.0787,-80.2041,62.74,89,3,12.68,clear sky,2021-07-30 05:09:15
325,Victor Harbor,AU,-35.5667,138.6167,68.47,49,68,3.0,broken clouds,2021-07-30 05:09:15
326,Labrea,BR,-7.2586,-64.7981,67.12,52,12,3.65,few clouds,2021-07-30 05:09:15
327,Starkville,US,33.4504,-88.8184,79.66,89,0,4.12,clear sky,2021-07-30 05:05:49
328,Grand-Santi,GF,4.25,-54.3833,72.0,100,100,1.74,overcast clouds,2021-07-30 05:09:15
329,Disna,BY,55.568,28.1971,64.04,84,26,6.38,scattered clouds,2021-07-30 05:09:16
330,Coos Bay,US,43.3665,-124.2179,61.0,100,90,12.66,mist,2021-07-30 05:04:32
331,San Patricio,US,28.017,-97.5169,83.84,75,79,7.0,broken clouds,2021-07-30 05:09:16
332,Tres Picos,MX,15.8667,-93.5333,75.83,94,100,4.92,overcast clouds,2021-07-30 05:09:16
333,Udimskiy,RU,61.1417,45.9144,61.2,91,98,3.38,moderate rain,2021-07-30 05:09:17
334,Vardo,NO,70.3705,31.1107,48.4,85,100,5.03,overcast clouds,2021-07-30 05:09:17
335,Mahibadhoo,MV,3.7833,72.9667,82.33,69,78,4.25,broken clouds,2021-07-30 05:09:17
336,Gojra,PK,31.1487,72.6866,95.18,52,86,7.43,overcast clouds,2021-07-30 05:09:17
337,Glens Falls,US,43.3095,-73.644,66.27,96,40,0.0,scattered clouds,2021-07-30 05:05:24
338,Marystown,CA,47.1666,-55.1483,57.85,100,12,7.76,few clouds,2021-07-30 05:06:33
339,Vilhena,BR,-12.7406,-60.1458,53.76,40,2,4.65,clear sky,2021-07-30 05:09:18
340,Jambi,ID,-1.6,103.6167,91.33,47,33,4.63,scattered clouds,2021-07-30 05:09:18
341,Berbera,SO,10.4396,45.0143,89.62,42,63,30.33,broken clouds,2021-07-30 05:09:19
342,Cabo Rojo,PR,18.0866,-67.1457,81.68,84,87,1.99,overcast clouds,2021-07-30 05:09:19
343,Khasan,RU,42.4308,130.6434,82.58,77,96,9.15,overcast clouds,2021-07-30 05:09:19
344,Yelizovo,RU,53.1873,158.3805,73.54,83,75,2.24,broken clouds,2021-07-30 05:09:20
345,Los Llanos De Aridane,ES,28.6585,-17.9182,67.75,87,90,14.97,overcast clouds,2021-07-30 05:09:20
346,Sioux Lookout,CA,50.1001,-91.917,53.38,51,21,2.75,few clouds,2021-07-30 05:09:20
347,Jiayuguan,CN,39.8167,98.3,92.86,11,0,14.76,clear sky,2021-07-30 05:09:20
348,Itacoatiara,BR,-3.1431,-58.4442,73.76,64,73,1.54,broken clouds,2021-07-30 05:09:21
349,Berlevag,NO,70.8578,29.0864,46.35,76,75,5.75,broken clouds,2021-07-30 05:09:21
350,Colares,PT,38.7992,-9.4469,65.44,76,7,15.99,clear sky,2021-07-30 05:09:21
351,Tiarei,PF,-17.5333,-149.3333,77.02,75,55,1.9,broken clouds,2021-07-30 05:09:22
352,Nago,JP,26.5881,127.9761,89.76,75,50,0.07,scattered clouds,2021-07-30 05:09:22
353,Imbituba,BR,-28.24,-48.6703,46.29,72,0,7.45,clear sky,2021-07-30 05:09:22
354,Zofingen,CH,47.2878,7.9459,65.46,94,24,2.24,few clouds,2021-07-30 05:09:22
355,Ewa Beach,US,21.3156,-158.0072,82.35,65,1,11.99,clear sky,2021-07-30 05:09:23
356,Naryan-Mar,RU,67.6713,53.087,53.06,66,33,4.79,scattered clouds,2021-07-30 05:09:23
357,Sorong,ID,-0.8833,131.25,84.56,70,52,5.7,broken clouds,2021-07-30 05:09:23
358,Saint-Pierre,RE,-21.3393,55.4781,70.29,77,90,23.02,overcast clouds,2021-07-30 05:09:24
359,San Roque,ES,36.2107,-5.3842,72.41,100,90,3.44,fog,2021-07-30 05:09:24
360,Penzance,GB,50.1186,-5.5371,58.21,87,71,34.4,broken clouds,2021-07-30 05:09:24
361,Takestan,IR,36.0696,49.6959,65.37,73,85,9.01,overcast clouds,2021-07-30 05:07:14
362,Nelson Bay,AU,-32.7167,152.15,68.09,41,0,8.32,clear sky,2021-07-30 05:09:25
363,Aleksandrov Gay,RU,50.147,48.5704,85.6,36,47,8.97,scattered clouds,2021-07-30 05:09:25
364,Odweyne,SO,9.4092,45.064,70.14,64,100,26.24,overcast clouds,2021-07-30 05:09:25
365,Qaqortoq,GL,60.7167,-46.0333,46.9,93,100,3.47,overcast clouds,2021-07-30 05:09:25
366,Port Hawkesbury,CA,45.6169,-61.3485,61.59,88,100,1.99,overcast clouds,2021-07-30 05:09:26
367,Povenets,RU,62.8487,34.8262,60.51,94,96,5.79,moderate rain,2021-07-30 05:09:26
368,Marfino,RU,55.7028,37.3822,72.88,88,75,6.71,light intensity shower rain,2021-07-30 05:09:26
369,Naze,JP,28.3667,129.4833,79.9,81,92,0.94,overcast clouds,2021-07-30 05:09:26
370,Namakkal,IN,11.2213,78.1652,85.39,50,100,8.21,overcast clouds,2021-07-30 05:09:27
371,Muravlenko,RU,63.7898,74.523,49.37,84,98,12.3,overcast clouds,2021-07-30 05:09:27
372,Jamai,IN,22.2,78.5833,72.59,89,100,13.85,overcast clouds,2021-07-30 05:09:27
373,Nosy Varika,MG,-20.5833,48.5333,69.94,81,95,7.29,light rain,2021-07-30 05:09:28
374,Oktyabrskiy,RU,54.4815,53.471,74.59,61,73,14.81,broken clouds,2021-07-30 05:09:28
375,Nioaque,BR,-21.1353,-55.83,44.87,41,45,4.54,scattered clouds,2021-07-30 05:09:28
376,Santiago Del Estero,AR,-27.7951,-64.2615,39.81,42,0,8.03,clear sky,2021-07-30 05:08:15
377,Lyuban,BY,52.7985,28.0048,67.24,79,6,8.14,clear sky,2021-07-30 05:09:29
378,Pevek,RU,69.7008,170.3133,32.05,98,100,24.94,light snow,2021-07-30 05:05:10
379,Kshenskiy,RU,51.8408,37.7136,73.45,71,14,8.7,few clouds,2021-07-30 05:09:29
380,Port Lavaca,US,28.615,-96.6261,81.99,89,1,0.0,clear sky,2021-07-30 05:09:29
381,Nhlangano,SZ,-27.1167,31.2,44.26,91,21,2.3,few clouds,2021-07-30 05:09:29
382,Litovko,RU,49.2361,135.1742,85.3,52,44,7.72,scattered clouds,2021-07-30 05:09:30
383,Sol-Iletsk,RU,51.1631,54.9918,78.76,26,94,17.36,overcast clouds,2021-07-30 05:09:30
384,Dolores,AR,-36.3132,-57.6792,39.45,67,0,7.27,clear sky,2021-07-30 05:09:30
385,Marawi,PH,7.9986,124.2928,81.23,72,56,3.94,broken clouds,2021-07-30 05:09:31
386,Belyy Yar,RU,53.6039,91.3903,73.29,49,0,6.71,clear sky,2021-07-30 05:09:31
387,Melito Di Porto Salvo,IT,37.9222,15.7714,84.96,34,0,2.3,clear sky,2021-07-30 05:09:31
388,Lima,PE,-12.0432,-77.0282,59.25,88,90,9.22,overcast clouds,2021-07-30 05:06:17
389,Havelock,US,34.8791,-76.9013,82.38,86,4,1.99,clear sky,2021-07-30 05:09:31
390,Alice Springs,AU,-23.7,133.8833,87.35,13,0,23.02,clear sky,2021-07-30 05:08:54
391,Aban,RU,56.67,96.06,69.01,53,25,5.03,scattered clouds,2021-07-30 05:09:32
392,Otjiwarongo,NA,-20.4637,16.6477,46.62,36,0,14.9,clear sky,2021-07-30 05:09:32
393,Requena,ES,39.4883,-1.1004,65.71,69,0,5.14,clear sky,2021-07-30 05:09:32
394,Tiksi,RU,71.6872,128.8694,62.98,37,6,2.86,clear sky,2021-07-30 05:09:33
395,Sikasso,ML,10.9167,-7.0,70.0,96,99,3.85,light rain,2021-07-30 05:09:33
396,Kinna,SE,57.5073,12.6946,62.44,93,100,13.24,overcast clouds,2021-07-30 05:09:33
397,Touros,BR,-5.1989,-35.4608,72.5,86,27,10.71,scattered clouds,2021-07-30 05:09:34
398,Lata,PT,40.1629,-8.3327,62.92,95,62,2.46,broken clouds,2021-07-30 05:09:34
399,Mpongwe,ZM,-13.5091,28.155,53.2,66,1,6.49,clear sky,2021-07-30 05:09:34
400,Chimbote,PE,-9.0853,-78.5783,64.62,86,76,7.09,broken clouds,2021-07-30 05:05:20
401,Kaeo,NZ,-35.1,173.7833,60.33,86,73,13.13,broken clouds,2021-07-30 05:09:34
402,Alihe,CN,50.5667,123.7167,83.14,45,8,2.53,clear sky,2021-07-30 05:09:35
403,Vera Cruz,BR,-12.6333,-41.0333,64.98,76,0,1.5,clear sky,2021-07-30 05:09:35
404,Bonavista,CA,48.6499,-53.1147,58.12,76,59,13.76,broken clouds,2021-07-30 05:09:35
405,Anadyr,RU,64.75,177.4833,43.3,93,75,13.0,light rain,2021-07-30 05:09:36
406,Abha,SA,18.2164,42.5053,73.65,53,0,0.0,clear sky,2021-07-30 05:09:36
407,Grand Gaube,MU,-20.0064,57.6608,73.38,64,77,11.99,broken clouds,2021-07-30 05:09:36
408,Ancud,CL,-41.8697,-73.8203,47.73,89,100,12.86,light rain,2021-07-30 05:09:36
409,Barra Do Garcas,BR,-15.89,-52.2567,54.9,29,1,3.0,clear sky,2021-07-30 05:09:37
410,Riverton,US,40.5219,-111.9391,80.08,59,1,1.01,clear sky,2021-07-30 05:09:37
411,Narsaq,GL,60.9167,-46.05,46.62,85,100,5.82,overcast clouds,2021-07-30 05:09:37
412,Tazovskiy,RU,67.4667,78.7,58.57,59,63,14.43,broken clouds,2021-07-30 05:09:38
413,Makakilo City,US,21.3469,-158.0858,80.92,66,1,8.05,clear sky,2021-07-30 05:09:38
414,Sao Joao Da Barra,BR,-21.6403,-41.0511,57.85,66,0,16.37,clear sky,2021-07-30 05:09:38
415,Dunedin,NZ,-45.8742,170.5036,48.79,81,84,20.0,broken clouds,2021-07-30 05:09:38
416,Nisia Floresta,BR,-6.0911,-35.2086,72.41,91,67,4.97,broken clouds,2021-07-30 05:09:39
417,Muncar,ID,-8.4333,114.3333,83.62,60,60,6.87,broken clouds,2021-07-30 05:09:39
418,Tres Arroyos,AR,-38.3739,-60.2798,43.36,54,0,13.8,clear sky,2021-07-30 05:09:39
419,Villanueva,HN,15.3167,-88.0,79.03,83,75,4.61,broken clouds,2021-07-30 05:09:40
420,Cordele,US,31.9635,-83.7824,81.95,88,1,0.0,clear sky,2021-07-30 05:09:40
421,Desaguadero,PE,-16.5656,-69.0417,41.61,54,40,3.98,scattered clouds,2021-07-30 05:09:40
422,Rawson,AR,-43.3002,-65.1023,53.24,38,34,13.02,scattered clouds,2021-07-30 05:09:40
423,Palana,RU,59.1167,159.9667,46.78,74,6,10.65,clear sky,2021-07-30 05:09:41
424,Raudeberg,NO,61.9875,5.1352,62.2,85,62,17.72,broken clouds,2021-07-30 05:09:41
425,Jumla,NP,29.2747,82.1838,64.33,95,100,3.13,overcast clouds,2021-07-30 05:09:41
426,Port Pirie,AU,-33.1833,138.0167,77.09,48,84,20.2,broken clouds,2021-07-30 05:09:42
427,Phan Thiet,VN,10.9333,108.1,86.34,69,96,15.05,overcast clouds,2021-07-30 05:05:54
428,Margate,GB,51.3813,1.3862,61.7,85,100,4.0,overcast clouds,2021-07-30 05:09:42
429,Mandalgovi,MN,45.7625,106.2708,73.53,36,4,17.25,clear sky,2021-07-30 05:09:42
430,Cabinda,AO,-5.55,12.2,72.3,85,48,7.16,scattered clouds,2021-07-30 05:09:42
431,Labuan,MY,5.2767,115.2417,87.96,65,96,5.39,overcast clouds,2021-07-30 05:09:43
432,Rio Grande,BR,-32.035,-52.0986,34.95,78,12,8.21,few clouds,2021-07-30 05:07:49
433,Haines Junction,CA,60.7522,-137.5108,59.47,64,23,5.23,few clouds,2021-07-30 05:09:43
434,Tual,ID,-5.6667,132.75,80.01,83,91,19.33,light rain,2021-07-30 05:09:43
435,Yangcun,CN,39.3639,117.0603,73.38,96,100,14.18,overcast clouds,2021-07-30 05:09:44
436,Lorengau,PG,-2.0226,147.2712,85.53,67,44,6.02,scattered clouds,2021-07-30 05:09:44
437,Kodinsk,RU,58.6881,99.1844,74.05,55,93,5.44,overcast clouds,2021-07-30 05:09:44
438,Mpika,ZM,-11.8343,31.4529,51.42,69,1,7.9,clear sky,2021-07-30 05:09:44
439,Basco,PH,20.4487,121.9702,83.44,87,100,25.01,light rain,2021-07-30 05:09:45
440,Akyab,MM,20.15,92.9,83.52,83,91,13.91,overcast clouds,2021-07-30 05:09:45
441,Nhulunbuy,AU,-12.2333,136.7667,86.61,62,40,13.8,scattered clouds,2021-07-30 05:09:45
442,Kavieng,PG,-2.5744,150.7967,84.43,69,83,2.84,broken clouds,2021-07-30 05:09:45
443,Rock Sound,BS,24.9,-76.2,83.01,74,3,14.56,clear sky,2021-07-30 05:09:46
444,Sorland,NO,67.667,12.6934,50.07,87,73,26.15,broken clouds,2021-07-30 05:09:46
445,Uniontown,US,39.9001,-79.7164,72.7,65,52,3.69,broken clouds,2021-07-30 05:09:46
446,Soma,TR,39.1855,27.6094,82.58,37,0,7.2,clear sky,2021-07-30 05:09:47
447,Port Victoria,KE,0.0939,33.9756,70.0,72,94,7.52,overcast clouds,2021-07-30 05:09:47
448,Laguna,US,38.421,-121.4238,91.9,42,1,4.0,clear sky,2021-07-30 05:09:47
449,Wasilla,US,61.5814,-149.4394,58.55,78,90,1.01,overcast clouds,2021-07-30 05:09:07
450,Kabalo,CD,-6.05,26.9167,70.83,40,0,4.34,clear sky,2021-07-30 05:09:48
451,Acapulco,MX,16.8634,-99.8901,77.86,93,99,6.98,overcast clouds,2021-07-30 05:09:43
452,Sterling,US,39.0062,-77.4286,76.26,92,1,0.0,clear sky,2021-07-30 05:09:33
453,Olinda,BR,-8.0089,-34.8553,71.33,88,40,3.44,scattered clouds,2021-07-30 05:09:48
454,Aksu,CN,41.1231,80.2644,97.57,15,97,13.53,light rain,2021-07-30 05:09:49
455,Sokoto,NG,13.0609,5.239,76.96,78,26,11.48,scattered clouds,2021-07-30 05:09:49
456,Taoudenni,ML,22.6783,-3.9836,93.69,34,36,9.17,scattered clouds,2021-07-30 05:09:49
457,Ahipara,NZ,-35.1667,173.1667,59.34,84,81,15.66,broken clouds,2021-07-30 05:09:49
458,Bom Jesus,BR,-9.0744,-44.3586,70.54,46,0,1.34,clear sky,2021-07-30 05:09:50
459,Frutal,BR,-20.0247,-48.9406,45.75,38,0,5.1,clear sky,2021-07-30 05:09:50
460,Vanimo,PG,-2.6741,141.3028,83.46,75,98,4.43,overcast clouds,2021-07-30 05:09:50
461,Anloga,GH,5.7947,0.8973,76.15,87,12,9.28,few clouds,2021-07-30 05:09:51
462,Saskylakh,RU,71.9167,114.0833,88.34,33,17,5.73,few clouds,2021-07-30 05:09:51
463,Ambagarh Chauki,IN,20.7833,80.7167,74.43,90,100,12.53,overcast clouds,2021-07-30 05:09:51
464,Daru,PG,-9.0763,143.2092,80.64,82,100,12.88,overcast clouds,2021-07-30 05:09:51
465,Gravdal,NO,68.1214,13.5031,53.28,93,20,20.71,few clouds,2021-07-30 05:09:52
466,Shashi,CN,30.3072,112.2447,92.07,60,0,6.24,clear sky,2021-07-30 05:09:52
467,Luena,AO,-11.7833,19.9167,48.36,45,37,6.04,scattered clouds,2021-07-30 05:09:52
468,Harlingen,US,26.1906,-97.6961,83.34,94,1,5.75,clear sky,2021-07-30 05:09:46
469,Shache,CN,38.4167,77.2406,94.62,16,100,27.36,overcast clouds,2021-07-30 05:09:53
470,Rongcheng,CN,30.634,117.8517,89.73,68,22,3.36,light rain,2021-07-30 05:09:53
471,Shaunavon,CA,49.6501,-108.4181,69.96,58,29,10.36,scattered clouds,2021-07-30 05:09:53
472,Saint-Augustin,CA,51.226,-58.6502,55.33,65,71,9.73,broken clouds,2021-07-30 05:09:53
473,Garissa,KE,-0.4536,39.6401,73.38,74,100,18.28,overcast clouds,2021-07-30 05:09:54
474,Salisbury,GB,51.0693,-1.7957,59.52,88,96,22.75,light rain,2021-07-30 05:09:54
475,Ocos,GT,14.5094,-92.1933,80.69,73,100,3.78,overcast clouds,2021-07-30 05:09:54
476,Laela,TZ,-8.5667,32.05,53.29,72,0,3.4,clear sky,2021-07-30 05:09:55
477,Santa Lucia,ES,27.9117,-15.5407,62.76,78,20,25.32,few clouds,2021-07-30 05:09:55
478,Karaidel,RU,55.8337,56.9069,60.76,82,100,12.03,overcast clouds,2021-07-30 05:09:55
479,Djibo,BF,14.1022,-1.6306,80.6,68,93,11.68,overcast clouds,2021-07-30 05:09:55
480,Onguday,RU,50.75,86.15,69.15,59,81,4.23,broken clouds,2021-07-30 05:09:56
481,Valparaiso,CL,-33.0393,-71.6273,50.47,89,75,2.3,broken clouds,2021-07-30 05:09:32
482,Aquiraz,BR,-3.9014,-38.3911,82.22,73,58,11.92,broken clouds,2021-07-30 05:09:56
483,Weligama,LK,5.9667,80.4167,83.01,75,23,13.73,few clouds,2021-07-30 05:09:56
484,Zaltan,LY,32.947,11.8665,79.09,41,0,4.94,clear sky,2021-07-30 05:09:57
485,Tupik,RU,54.4253,119.9327,68.85,48,2,10.25,clear sky,2021-07-30 05:09:57
486,Macas,EC,-2.3167,-78.1167,66.42,99,100,0.4,moderate rain,2021-07-30 05:09:57
487,Elk City,US,35.412,-99.4043,80.58,69,1,0.0,clear sky,2021-07-30 05:07:29
488,Sangar,RU,63.9242,127.4739,73.15,27,14,3.0,few clouds,2021-07-30 05:09:57
489,Matara,LK,5.9485,80.5353,83.97,72,23,13.85,few clouds,2021-07-30 05:09:58
490,Yinchuan,CN,38.4681,106.2731,97.47,10,1,5.95,clear sky,2021-07-30 05:09:58
491,Silveira,PT,39.1112,-9.3643,65.37,93,24,13.0,few clouds,2021-07-30 05:09:58
492,Pisco,PE,-13.7,-76.2167,62.65,82,90,2.3,overcast clouds,2021-07-30 05:09:59
493,Cururupu,BR,-1.8283,-44.8683,73.69,98,26,2.95,scattered clouds,2021-07-30 05:09:59
494,Severodvinsk,RU,64.5635,39.8302,57.31,88,100,5.68,overcast clouds,2021-07-30 05:09:59
495,Torit,SS,4.4133,32.5678,70.43,83,96,2.86,overcast clouds,2021-07-30 05:09:59
496,Athabasca,CA,54.7169,-113.2854,61.72,76,56,6.33,broken clouds,2021-07-30 05:10:00
497,Ampanihy,MG,-24.7,44.75,67.68,67,2,6.13,clear sky,2021-07-30 05:10:00
498,Anjar,IN,23.1333,70.0167,86.36,66,95,25.32,overcast clouds,2021-07-30 05:10:00
499,Edd,ER,13.9297,41.6925,91.31,58,68,4.83,broken clouds,2021-07-30 05:10:01
500,La Ronge,CA,55.1001,-105.2842,60.69,71,53,5.55,broken clouds,2021-07-30 05:10:01
501,Bon Accord,CA,53.8335,-113.4187,69.24,91,60,7.67,broken clouds,2021-07-30 05:10:01
502,Temerloh,MY,3.4483,102.4176,87.87,56,100,3.0,overcast clouds,2021-07-30 05:10:01
503,Chenzhou,CN,25.8,113.0333,98.91,43,48,3.29,light rain,2021-07-30 05:10:02
504,Tucano,BR,-10.9631,-38.7867,65.17,96,11,4.7,few clouds,2021-07-30 05:10:04
505,Arlit,NE,18.7369,7.3853,89.6,45,6,10.4,clear sky,2021-07-30 05:10:04
506,Sopotnica,MK,41.2947,21.155,75.92,30,0,2.68,clear sky,2021-07-30 05:10:04
507,Varkaus,FI,62.3153,27.873,64.31,86,38,9.24,scattered clouds,2021-07-30 05:10:05
508,Cayenne,GF,4.9333,-52.3333,76.08,90,90,2.3,fog,2021-07-30 05:10:05
509,Tura,IN,25.5198,90.2201,77.07,89,100,7.56,overcast clouds,2021-07-30 05:10:05
510,Usinsk,RU,65.9939,57.5281,54.28,61,37,6.85,scattered clouds,2021-07-30 05:10:05
511,Tautira,PF,-17.7333,-149.15,77.02,77,37,6.04,light rain,2021-07-30 05:10:06
512,Nouadhibou,MR,20.931,-17.0347,68.4,93,83,16.2,broken clouds,2021-07-30 05:10:06
513,Cauquenes,CL,-35.9671,-72.3225,46.27,74,0,0.89,clear sky,2021-07-30 05:10:06
514,Leshukonskoye,RU,64.8989,45.7622,57.34,59,87,6.31,overcast clouds,2021-07-30 05:10:06
515,Itaqui,BR,-29.1253,-56.5531,39.94,71,0,4.59,clear sky,2021-07-30 05:10:07
516,Ilawe,NG,7.8667,4.4333,69.82,92,99,3.04,overcast clouds,2021-07-30 05:10:07
517,Dicabisagan,PH,17.0818,122.4157,84.96,77,100,4.23,overcast clouds,2021-07-30 05:10:07
518,Baiao,BR,-2.7906,-49.6717,72.57,98,66,2.19,broken clouds,2021-07-30 05:10:08
519,Mansehra,PK,34.3333,73.2,80.8,71,3,3.8,clear sky,2021-07-30 05:10:08
520,Ostrovnoy,RU,68.0531,39.5131,47.32,77,11,4.97,few clouds,2021-07-30 05:10:08
521,Kannangad,IN,12.3081,75.1063,81.39,77,100,9.44,overcast clouds,2021-07-30 05:06:12
522,Kishi,NG,9.0833,3.85,70.14,88,100,4.59,overcast clouds,2021-07-30 05:10:08
523,Takoradi,GH,4.8845,-1.7554,74.57,91,15,5.37,few clouds,2021-07-30 05:10:09
524,Pleshanovo,RU,52.8333,53.4833,78.21,47,92,11.3,overcast clouds,2021-07-30 05:10:09
525,Chapais,CA,49.7834,-74.8492,47.98,96,100,9.82,overcast clouds,2021-07-30 05:10:09
526,Yakeshi,CN,49.2833,120.7333,80.31,55,52,5.08,broken clouds,2021-07-30 05:10:10
527,Yuli,NG,9.6989,10.2744,72.55,96,98,3.2,moderate rain,2021-07-30 05:10:10
528,Redmond,US,47.674,-122.1215,78.53,70,0,3.87,clear sky,2021-07-30 05:06:52
529,Santo Tomas,PH,14.1079,121.1414,89.56,67,100,9.84,overcast clouds,2021-07-30 05:10:10
530,Yar-Sale,RU,66.8333,70.8333,51.4,86,93,19.75,overcast clouds,2021-07-30 05:10:11
531,Sidi Ali,DZ,36.0998,0.4206,74.37,77,83,4.36,broken clouds,2021-07-30 05:10:11
532,Mudgal,IN,16.0167,76.4333,80.4,62,93,23.33,overcast clouds,2021-07-30 05:10:11
533,Santa Marinella,IT,42.0345,11.8536,77.94,87,0,5.19,clear sky,2021-07-30 05:07:10
534,Cockburn Town,TC,21.4612,-71.1419,82.18,77,0,20.47,clear sky,2021-07-30 05:10:11
535,Chicama,PE,-7.8447,-79.1469,64.69,88,74,4.74,broken clouds,2021-07-30 05:10:12
536,Kudahuvadhoo,MV,2.6708,72.8944,81.95,71,87,3.29,overcast clouds,2021-07-30 05:10:12
537,Fairbanks,US,64.8378,-147.7164,68.22,72,75,0.0,broken clouds,2021-07-30 05:10:12
538,Kitui,KE,-1.367,38.0106,59.95,86,100,6.85,overcast clouds,2021-07-30 05:10:13
539,Banjar,ID,-8.19,114.9675,84.06,60,38,1.12,scattered clouds,2021-07-30 05:10:13
540,Kangaatsiaq,GL,68.3065,-53.4641,42.78,88,23,8.95,few clouds,2021-07-30 05:10:13
541,Lufilufi,WS,-13.8745,-171.5986,80.51,78,58,18.97,light rain,2021-07-30 05:10:13
542,Ripoll,ES,42.2006,2.1903,70.16,76,1,1.01,clear sky,2021-07-30 05:10:14
543,Kidal,ML,18.4411,1.4078,86.45,42,13,6.58,few clouds,2021-07-30 05:10:14
544,Toktogul,KG,41.8708,72.9402,76.28,41,49,3.98,scattered clouds,2021-07-30 05:10:14
545,Petauke,ZM,-14.2426,31.3253,58.12,59,0,6.13,clear sky,2021-07-30 05:10:14
546,Port Hueneme,US,34.1478,-119.1951,83.62,85,90,9.22,overcast clouds,2021-07-30 05:10:15
547,Ishigaki,JP,24.3448,124.1572,84.83,81,60,12.26,broken clouds,2021-07-30 05:10:15
548,Asau,RO,46.4333,26.4,73.96,69,0,0.85,clear sky,2021-07-30 05:10:15
549,Finschhafen,PG,-6.6024,147.8681,83.64,74,95,8.12,light rain,2021-07-30 05:10:16
550,Prince Rupert,CA,54.3161,-130.3201,61.5,88,48,0.45,scattered clouds,2021-07-30 05:10:16
551,Coronado,US,32.6859,-117.1831,79.43,87,75,8.05,broken clouds,2021-07-30 05:10:16
552,Meulaboh,ID,4.1363,96.1285,84.42,67,100,3.51,overcast clouds,2021-07-30 05:10:16
553,Atherton,GB,53.5237,-2.4935,56.71,94,100,1.99,light rain,2021-07-30 05:10:17
554,Khromtau,KZ,50.2503,58.4347,75.72,27,100,9.57,overcast clouds,2021-07-30 05:10:17
555,Joensuu,FI,62.6012,29.7632,64.27,92,90,3.0,overcast clouds,2021-07-30 05:10:17
556,Catamarca,AR,-28.4696,-65.7852,49.77,56,0,1.99,clear sky,2021-07-30 05:10:18
557,Poum,NC,-20.2333,164.0167,73.78,71,2,17.47,clear sky,2021-07-30 05:10:18
558,Uberaba,BR,-19.7483,-47.9319,42.93,41,4,3.09,clear sky,2021-07-30 05:10:18
559,Ahuimanu,US,21.4447,-157.8378,82.11,71,75,12.66,broken clouds,2021-07-30 05:10:18
560,Santa Luzia,BR,-19.7697,-43.8514,52.7,31,3,4.38,clear sky,2021-07-30 05:10:19
561,Beidao,CN,34.5686,105.8933,95.36,22,0,1.54,clear sky,2021-07-30 05:10:19
562,Halifax,CA,44.6453,-63.5724,62.69,84,100,5.01,light rain,2021-07-30 05:07:36
563,Olmos,PE,-5.9847,-79.7453,59.9,89,80,2.01,broken clouds,2021-07-30 05:10:19
564,Toowoomba,AU,-27.55,151.9667,60.82,55,1,4.0,clear sky,2021-07-30 05:10:20
565,Troitskoye,RU,52.9821,84.6757,74.14,44,64,6.76,broken clouds,2021-07-30 05:10:20
566,Beloha,MG,-25.1667,45.05,67.5,69,3,4.7,clear sky,2021-07-30 05:10:20
567,Pimenta Bueno,BR,-11.6725,-61.1936,58.87,41,2,4.03,clear sky,2021-07-30 05:08:38
568,Plouzane,FR,48.3833,-4.6167,57.38,85,75,14.97,broken clouds,2021-07-30 05:10:21
569,General Cepeda,MX,25.3833,-101.45,65.61,59,54,3.58,broken clouds,2021-07-30 05:10:21
570,Tigil,RU,57.8,158.6667,54.72,54,85,17.34,overcast clouds,2021-07-30 05:10:21
571,Byron Bay,AU,-28.65,153.6167,69.91,55,0,4.99,clear sky,2021-07-30 05:07:25
572,Tungor,RU,53.3808,142.9564,56.71,96,100,15.3,overcast clouds,2021-07-30 05:10:22
573,Talcahuano,CL,-36.7167,-73.1167,47.88,93,90,3.44,mist,2021-07-30 05:10:22
574,Ciro Marina,IT,39.3732,17.126,83.86,42,0,3.78,clear sky,2021-07-30 05:10:22
575,Pangody,RU,65.85,74.4859,58.06,47,12,19.8,few clouds,2021-07-30 05:10:23
576,Polson,US,47.6936,-114.1632,74.41,42,0,3.44,clear sky,2021-07-30 05:09:33
577,Gushikawa,JP,26.3544,127.8686,87.39,78,40,6.91,scattered clouds,2021-07-30 05:10:23
578,Chisinau,MD,47.0056,28.8575,76.93,99,0,1.01,clear sky,2021-07-30 05:07:13
579,Slave Lake,CA,55.2834,-114.769,61.63,62,2,3.27,clear sky,2021-07-30 05:10:23
580,Bol,TD,13.4586,14.7147,78.49,84,100,16.51,overcast clouds,2021-07-30 05:10:24
581,Volkhov,RU,59.9258,32.3382,65.39,75,34,7.45,scattered clouds,2021-07-30 05:10:24
582,Nantucket,US,41.2835,-70.0995,69.91,90,90,18.41,overcast clouds,2021-07-30 05:08:24
583,Bouake,CI,7.6895,-5.0218,68.83,89,100,3.0,overcast clouds,2021-07-30 05:10:24
584,Smithers,CA,54.7804,-127.1743,63.07,74,45,1.32,scattered clouds,2021-07-30 05:10:24
585,Sur,OM,22.5667,59.5289,96.62,45,97,8.55,overcast clouds,2021-07-30 05:10:25
586,Aquin,HT,18.2833,-73.4,78.4,79,3,2.08,clear sky,2021-07-30 05:10:25
587,Sretensk,RU,52.2453,117.7093,72.72,62,82,10.92,light rain,2021-07-30 05:10:25
588,Ust-Ishim,RU,57.6935,71.1665,61.63,58,81,6.55,broken clouds,2021-07-30 05:10:26
589,Conceicao Do Araguaia,BR,-8.2578,-49.2647,68.23,51,0,4.74,clear sky,2021-07-30 05:10:26
590,Viedma,AR,-40.8135,-62.9967,52.11,29,3,18.28,clear sky,2021-07-30 05:10:26
591,Carballo,ES,43.213,-8.691,63.91,94,88,1.41,overcast clouds,2021-07-30 05:10:26
592,West Bay,KY,19.3667,-81.4167,82.99,84,90,1.99,overcast clouds,2021-07-30 05:10:27
593,Liverpool,GB,53.4106,-2.9779,56.68,85,75,3.0,shower rain,2021-07-30 05:10:27
594,Chissamba,AO,-12.1667,17.3333,49.12,42,5,4.43,clear sky,2021-07-30 05:10:27
595,Trincomalee,LK,8.5711,81.2335,89.2,58,80,12.48,broken clouds,2021-07-30 05:10:27
596,Novoagansk,RU,61.9449,76.6625,49.15,95,100,10.4,light rain,2021-07-30 05:10:28
597,Abu Kamal,SY,34.4506,40.9171,91.35,22,0,14.92,clear sky,2021-07-30 05:10:28
598,Ochamchira,GE,42.7121,41.4721,76.01,62,0,3.0,clear sky,2021-07-30 05:10:28
599,Camacha,PT,33.0833,-16.3333,67.42,64,40,11.5,scattered clouds,2021-07-30 05:10:29
600,Warri,NG,5.5167,5.75,73.69,90,83,3.31,broken clouds,2021-07-30 05:10:29
601,Sakakah,SA,29.9697,40.2064,86.45,28,6,7.81,clear sky,2021-07-30 05:10:29
602,Araceli,PH,10.5529,119.9913,85.15,72,97,14.0,overcast clouds,2021-07-30 05:10:30
603,North Myrtle Beach,US,33.816,-78.68,82.09,87,1,1.01,clear sky,2021-07-30 05:10:30
604,Juneau,US,58.3019,-134.4197,66.2,73,20,0.0,few clouds,2021-07-30 05:10:30
605,Dongsheng,CN,39.8161,109.9776,87.93,17,0,8.32,clear sky,2021-07-30 05:10:30
606,Managua,NI,12.1328,-86.2504,77.88,82,4,9.06,clear sky,2021-07-30 05:10:31
607,Tulun,RU,54.5611,100.5792,68.81,47,100,5.5,overcast clouds,2021-07-30 05:10:31
608,Bafoulabe,ML,13.8065,-10.8321,74.91,95,100,2.95,overcast clouds,2021-07-30 05:10:31
609,Harrismith,ZA,-28.2728,29.1295,35.91,93,30,1.52,scattered clouds,2021-07-30 05:10:32
610,Portland,US,45.5234,-122.6762,84.78,42,40,1.01,scattered clouds,2021-07-30 05:09:57
611,Anzio,IT,41.4853,12.6179,79.45,87,0,6.46,clear sky,2021-07-30 05:10:32
612,Tanabe,JP,33.7333,135.3667,88.93,63,38,3.0,scattered clouds,2021-07-30 05:10:32
613,Wilhelmsburg,AT,48.1057,15.6054,71.58,62,1,2.26,clear sky,2021-07-30 05:10:33
614,Vereya,RU,55.3447,36.1719,63.01,97,100,1.77,heavy intensity rain,2021-07-30 05:10:33
615,Tilichiki,RU,60.4667,166.1,54.7,50,71,11.92,broken clouds,2021-07-30 05:10:33
616,Amparafaravola,MG,-17.5833,48.2167,60.91,94,100,8.7,light rain,2021-07-30 05:10:33
617,Praia Da Vitoria,PT,38.7333,-27.0667,71.76,86,17,8.14,few clouds,2021-07-30 05:10:34
618,Oum Hadjer,TD,13.2954,19.6966,74.19,84,97,5.44,overcast clouds,2021-07-30 05:10:34
619,Porto Novo,BJ,6.4965,2.6036,74.5,88,33,5.77,scattered clouds,2021-07-30 05:10:34
620,Chacabuco,AR,-34.6417,-60.4739,39.79,60,0,8.25,clear sky,2021-07-30 05:10:35
621,Skibbereen,IE,51.55,-9.2667,57.0,89,100,11.01,overcast clouds,2021-07-30 05:10:35
622,Havoysund,NO,70.9963,24.6622,47.28,81,98,12.21,overcast clouds,2021-07-30 05:10:35
623,Horsham,GB,51.064,-0.3272,60.93,78,75,12.66,broken clouds,2021-07-30 05:10:35
624,Abu Dhabi,AE,24.4667,54.3667,96.91,71,99,4.61,overcast clouds,2021-07-30 05:10:36
625,Neiafu,TO,-18.65,-173.9833,77.68,88,75,5.75,broken clouds,2021-07-30 05:10:36
626,Russell,US,32.3502,-85.1999,79.83,93,1,0.0,mist,2021-07-30 05:10:36
627,Broome,US,42.2506,-75.833,66.7,96,90,5.75,overcast clouds,2021-07-30 05:10:36
628,Kalmunai,LK,7.4167,81.8167,89.17,55,50,3.56,scattered clouds,2021-07-30 05:10:37
629,Deputatskiy,RU,69.3,139.9,60.26,36,80,4.16,broken clouds,2021-07-30 05:10:37
630,Tinskoy,RU,56.1525,96.9161,70.43,49,79,4.03,broken clouds,2021-07-30 05:10:37
631,Ixtapa,MX,20.7,-105.2,76.17,84,22,2.3,few clouds,2021-07-30 05:10:38
632,Ambilobe,MG,-13.2,49.05,72.54,66,0,4.65,clear sky,2021-07-30 05:10:38
633,Tateyama,JP,34.9833,139.8667,87.03,75,82,8.81,broken clouds,2021-07-30 05:10:38
634,Faya,SA,18.3851,42.4509,73.92,46,55,4.59,broken clouds,2021-07-30 05:10:39
635,Henties Bay,NA,-22.116,14.2845,65.32,36,0,9.26,clear sky,2021-07-30 05:10:39
636,Oktyabrskoye,RU,43.0645,44.7417,69.94,77,0,2.24,clear sky,2021-07-30 05:10:39
637,Novobirilyussy,RU,56.9514,90.6661,72.73,34,100,3.87,overcast clouds,2021-07-30 05:10:40
638,Mindelo,CV,16.8901,-24.9804,76.55,65,75,8.05,broken clouds,2021-07-30 05:10:40
639,Minab,IR,27.1467,57.0801,98.1,32,39,4.09,scattered clouds,2021-07-30 05:10:40
640,Progreso,MX,21.2833,-89.6667,77.11,87,67,10.94,broken clouds,2021-07-30 05:08:05
641,La Maddalena,IT,41.2142,9.4083,66.25,65,0,1.16,clear sky,2021-07-30 05:10:41
642,Adrar,MR,20.5022,-10.0711,84.92,39,56,16.55,broken clouds,2021-07-30 05:10:41
643,Luanda,AO,-8.8368,13.2343,69.8,88,75,3.44,broken clouds,2021-07-30 05:10:41
644,Jardim,BR,-21.4803,-56.1381,43.14,40,67,2.98,broken clouds,2021-07-30 05:10:41
645,Tezu,IN,27.9167,96.1667,77.58,99,100,0.54,overcast clouds,2021-07-30 05:10:42
646,Houma,US,29.5958,-90.7195,81.0,95,100,1.99,overcast clouds,2021-07-30 05:10:02
647,Pamekasan,ID,-7.1568,113.4746,86.76,57,33,2.51,scattered clouds,2021-07-30 05:10:42
648,Phenix City,US,32.471,-85.0008,80.69,91,1,0.0,mist,2021-07-30 05:10:42
649,Nelson,NZ,-41.2833,173.2833,58.28,92,97,1.01,overcast clouds,2021-07-30 05:10:43
650,Channel-Port Aux Basques,CA,47.5702,-59.1367,59.02,81,70,9.53,broken clouds,2021-07-30 05:10:43
651,Kysyl-Syr,RU,63.8986,122.7617,78.03,25,30,4.18,scattered clouds,2021-07-30 05:10:43
652,Sikonge,TZ,-5.6333,32.7667,61.72,67,34,7.85,scattered clouds,2021-07-30 05:10:43
653,Severnyy,RU,50.677,36.5532,71.64,78,0,6.71,clear sky,2021-07-30 05:10:44
654,Ust-Nera,RU,64.5667,143.2,60.19,41,32,4.03,scattered clouds,2021-07-30 05:10:44
655,Bonfim,BR,3.0833,-59.95,72.41,92,100,0.92,overcast clouds,2021-07-30 05:10:44
656,Kavaratti,IN,10.5669,72.642,82.38,76,99,15.14,overcast clouds,2021-07-30 05:10:44
657,Rosetta,EG,31.4044,30.4164,80.15,76,0,7.76,clear sky,2021-07-30 05:10:45
658,Nuuk,GL,64.1835,-51.7216,47.88,87,37,14.97,scattered clouds,2021-07-30 05:10:45
659,Singarayakonda,IN,15.25,80.0333,90.79,47,100,19.44,overcast clouds,2021-07-30 05:10:45
660,Anda,CN,46.4,125.3167,73.8,80,100,7.9,overcast clouds,2021-07-30 05:10:46
661,Koslan,RU,63.4564,48.8989,58.06,61,91,6.08,overcast clouds,2021-07-30 05:10:46
662,Digha,IN,21.6833,87.55,81.18,84,100,20.31,light rain,2021-07-30 05:10:46
663,Cserkeszolo,HU,46.8632,20.187,71.94,58,0,4.47,clear sky,2021-07-30 05:10:47
664,Kieta,PG,-6.2167,155.6333,82.99,79,69,5.3,light rain,2021-07-30 05:10:47
665,Ascension,US,30.2169,-90.9001,80.08,89,1,0.0,clear sky,2021-07-30 05:10:47
666,Sechura,PE,-5.5569,-80.8222,67.66,78,92,11.68,overcast clouds,2021-07-30 05:10:47
667,Bowling Green,US,36.9903,-86.4436,82.33,84,1,9.22,clear sky,2021-07-30 05:08:08
668,Tuy Hoa,VN,13.0833,109.3,96.53,45,22,12.03,few clouds,2021-07-30 05:10:48
669,Elizabeth City,US,36.2946,-76.2511,82.45,90,1,3.0,clear sky,2021-07-30 05:10:48
670,Arrifes,PT,37.7667,-25.7,68.25,88,40,8.05,scattered clouds,2021-07-30 05:10:48
671,Uige,AO,-7.6087,15.0613,58.5,90,2,3.58,clear sky,2021-07-30 05:10:49
672,Baruun-Urt,MN,46.6806,113.2792,80.92,38,3,9.01,clear sky,2021-07-30 05:10:49
673,Blumberg,DE,47.8406,8.5333,60.1,90,5,1.7,clear sky,2021-07-30 05:10:49
674,Vila,PT,42.0304,-8.1588,50.32,91,0,2.26,clear sky,2021-07-30 05:10:49
675,Bhatkal,IN,13.9667,74.5667,80.8,81,100,13.62,overcast clouds,2021-07-30 05:07:09
676,Kuytun,RU,54.3419,101.5036,66.25,51,100,8.52,overcast clouds,2021-07-30 05:10:50
677,Zaysan,KZ,47.4667,84.8667,80.4,21,100,12.86,heavy intensity rain,2021-07-30 05:10:50
678,Nizwa,OM,22.9333,57.5333,91.8,41,84,6.8,broken clouds,2021-07-30 05:10:50
679,Valdivia,CL,-39.8142,-73.2459,42.8,97,57,2.01,broken clouds,2021-07-30 05:10:51
680,Manjacaze,MZ,-24.7117,33.8828,59.77,86,0,3.62,clear sky,2021-07-30 05:10:51
681,Pacific Grove,US,36.6177,-121.9166,66.81,91,90,1.99,overcast clouds,2021-07-30 05:10:51
682,Strezhevoy,RU,60.7333,77.5889,57.18,91,100,11.25,light rain,2021-07-30 05:10:51
683,Port Blair,IN,11.6667,92.75,85.42,76,72,17.67,broken clouds,2021-07-30 05:10:52
684,Peace River,CA,56.2501,-117.286,63.86,57,9,1.34,clear sky,2021-07-30 05:10:52
685,Estelle,US,29.8458,-90.1067,84.2,79,1,0.0,clear sky,2021-07-30 05:10:52
686,Bitkine,TD,11.9801,18.2138,70.63,94,100,3.22,light rain,2021-07-30 05:10:53
687,Diglur,IN,18.55,77.6,83.21,63,97,18.05,overcast clouds,2021-07-30 05:10:53
688,Denpasar,ID,-8.65,115.2167,83.86,79,40,16.11,scattered clouds,2021-07-30 05:06:50
689,Wegorzewo,PL,54.2157,21.7372,60.76,81,20,9.42,few clouds,2021-07-30 05:10:53
690,Burnie,AU,-41.0667,145.9167,50.94,83,100,15.79,light rain,2021-07-30 05:10:53
691,Hakkari,TR,37.5833,44.1667,65.98,59,40,6.91,scattered clouds,2021-07-30 05:10:54
